Id,Weight,Community,Label
韦小宝,32.17037330341801,韦小宝,韦小宝
令狐冲,18.918754683600465,令狐冲,令狐冲
张无忌,18.04737650892436,张无忌,张无忌
郭靖,14.496420047779958,郭靖,郭靖
杨过,13.324667465017745,杨过,杨过
袁承志,13.19604530212978,袁承志,袁承志
段誉,12.705785774418702,段誉,段誉
胡斐,12.690495185474713,胡斐,胡斐
汉子,12.521543368003876,令狐冲,令狐冲
黄蓉,12.261053771496547,郭靖,郭靖
陈家洛,8.714854397988535,陈家洛,陈家洛
石破天,7.444010662826274,石破天,石破天
吴三桂,7.286120405615178,韦小宝,韦小宝
岳不群,6.907639712643204,令狐冲,令狐冲
大汉,6.508123974401445,韦小宝,韦小宝
赵敏,6.482460234967278,张无忌,张无忌
谢逊,6.272255425284179,张无忌,张无忌
狄云,5.972001079932537,狄云,狄云
张三,5.583707556020852,张无忌,张无忌
小龙女,5.503026872756377,杨过,杨过
虚竹,5.454537072855865,段誉,段誉
乔峰,5.3643092929276515,段誉,段誉
文泰来,5.205741340893409,陈家洛,陈家洛
骆冰,5.1832490546619345,陈家洛,陈家洛
徐天宏,5.115116590146002,陈家洛,陈家洛
林平之,4.888770755698396,令狐冲,令狐冲
王语嫣,4.871926907441662,段誉,段誉
张翠山,4.752782722710236,张无忌,张无忌
杨逍,4.710259322508395,张无忌,张无忌
慕容复,4.696399297893006,段誉,段誉
周芷若,4.665771095690813,张无忌,张无忌
程灵素,4.600463817850733,胡斐,胡斐
赵半山,4.5657331517558255,陈家洛,陈家洛
石清,4.515119824670489,石破天,石破天
阿朱,4.393132836518303,段誉,段誉
张三丰,4.315893391138928,张无忌,张无忌
岳灵珊,4.233336563157481,令狐冲,令狐冲
余鱼同,4.143337579478073,陈家洛,陈家洛
陆菲青,4.0191254057440835,陈家洛,陈家洛
郭襄,3.802275874939749,杨过,杨过
张召重,3.793130785500508,陈家洛,陈家洛
周绮,3.776527807429779,陈家洛,陈家洛
丘处机,3.7589770149914186,郭靖,郭靖
段正淳,3.7514953338151953,段誉,段誉
双儿,3.7232605777939263,韦小宝,韦小宝
阿紫,3.6825415296693436,段誉,段誉
黄药师,3.6514200965953894,郭靖,郭靖
仪琳,3.5489282722859556,令狐冲,令狐冲
陈近南,3.486971804917644,韦小宝,韦小宝
霍青桐,3.484335856627534,陈家洛,陈家洛
福康安,3.3868770104070904,胡斐,胡斐
苗人凤,3.3849082942842905,胡斐,胡斐
周仲英,3.3038499643846606,陈家洛,陈家洛
卫春华,3.300087702961145,陈家洛,陈家洛
郭芙,3.2123074964815848,杨过,杨过
殷梨亭,3.2025106414303695,张无忌,张无忌
章进,3.1987468645361945,陈家洛,陈家洛
周伯通,3.1219884136216107,郭靖,郭靖
心砚,3.0658291032578466,陈家洛,陈家洛
洪七公,3.043867497310636,郭靖,郭靖
左冷禅,3.030073720962748,令狐冲,令狐冲
任我行,3.0213754743610197,令狐冲,令狐冲
白万剑,3.01153380899476,石破天,石破天
李沅芷,3.010812006759312,陈家洛,陈家洛
丁春秋,2.9870129512864443,段誉,段誉
李莫愁,2.9301728956587247,杨过,杨过
鸠摩智,2.903907243808722,段誉,段誉
木婉清,2.8434365284169862,段誉,段誉
徐天川,2.8150109306520097,韦小宝,韦小宝
韦一笑,2.7939134686506417,张无忌,张无忌
方证,2.7553676001127103,令狐冲,令狐冲
宋远桥,2.6961483365189123,张无忌,张无忌
余沧海,2.6854521080231892,令狐冲,令狐冲
冲虚,2.675340050176909,令狐冲,令狐冲
田伯光,2.6652626003269644,令狐冲,令狐冲
包不同,2.658411456870385,段誉,段誉
向问天,2.645491733412353,令狐冲,令狐冲
方怡,2.619728684095901,韦小宝,韦小宝
梅剑,2.6111714782096884,袁承志,袁承志
殷素素,2.608526352521716,张无忌,张无忌
哑巴,2.598554347939883,袁承志,袁承志
说不得,2.5932753464952167,张无忌,张无忌
闵柔,2.592849870327445,石破天,石破天
灭绝师太,2.5764105288423274,张无忌,张无忌
马春花,2.575649344770988,胡斐,胡斐
柯镇恶,2.5744636341689118,郭靖,郭靖
上官,2.481297248565026,令狐冲,令狐冲
定逸,2.452492355650855,令狐冲,令狐冲
朱聪,2.384794452829759,郭靖,郭靖
洪胜海,2.3841280284819844,袁承志,袁承志
游坦之,2.345250232217272,段誉,段誉
鳌拜,2.315536888053167,韦小宝,韦小宝
刘正风,2.3115501866459294,令狐冲,令狐冲
空智,2.267029917687127,张无忌,张无忌
玄难,2.2336602305609103,段誉,段誉
钟灵,2.2303664966352077,段誉,段誉
小桂子,2.218944836233665,韦小宝,韦小宝
劳德诺,2.209591783128012,令狐冲,令狐冲
莫大,2.1924354150647263,令狐冲,令狐冲
老头子,2.1798924625505736,令狐冲,令狐冲
杨康,2.176632539537812,郭靖,郭靖
周颠,2.1587010396680535,张无忌,张无忌
殷天正,2.1583781011064147,张无忌,张无忌
袁紫衣,2.1566644792034104,胡斐,胡斐
俞岱岩,2.1466486933711093,张无忌,张无忌
水笙,2.1383074748712003,狄云,狄云
戚芳,2.1319946355356656,狄云,狄云
胖子,2.12974572244419,郭靖,郭靖
东方不败,2.1114104184498026,令狐冲,令狐冲
完颜洪烈,2.110802052770393,郭靖,郭靖
沐剑屏,2.108477119557238,韦小宝,韦小宝
郑克爽,2.1068645051630317,韦小宝,韦小宝
丁不四,2.1012528396523873,石破天,石破天
段延庆,2.09935763838188,段誉,段誉
空闻,2.0497670044387117,张无忌,张无忌
阿碧,2.049275848044286,段誉,段誉
梅剑和,2.04918532715811,袁承志,袁承志
金轮法王,2.04468419234512,杨过,杨过
万震山,2.0381243704910936,狄云,狄云
归辛树,2.030797518369548,袁承志,袁承志
田归农,2.0089310101859734,胡斐,胡斐
邓百川,1.9974598653175695,段誉,段誉
焦宛儿,1.9882100229586948,袁承志,袁承志
吴应熊,1.9846270039168885,韦小宝,韦小宝
范遥,1.982874204522948,张无忌,张无忌
程青竹,1.9481632495256371,袁承志,袁承志
梅超风,1.9479972164911108,郭靖,郭靖
万圭,1.9191710972477254,狄云,狄云
尹志平,1.9164291596819674,郭靖,郭靖
朱丹臣,1.9007672480181625,段誉,段誉
茅十八,1.897044725383043,韦小宝,韦小宝
何铁手,1.8828454751161725,袁承志,袁承志
归二娘,1.878118675375702,袁承志,袁承志
索额图,1.8625442321752992,韦小宝,韦小宝
赵志敬,1.8625267842569841,郭靖,郭靖
杨成协,1.8597886007356823,陈家洛,陈家洛
巴天石,1.8576697799900448,段誉,段誉
李自成,1.8564719136332717,韦小宝,韦小宝
马钰,1.855062760620091,郭靖,郭靖
桃根仙,1.8512505012691751,令狐冲,令狐冲
张松溪,1.8278899066041159,张无忌,张无忌
欧阳克,1.8230552076268152,郭靖,郭靖
李文秀,1.8008104796728979,苏普,苏普
风际中,1.7979829485584224,韦小宝,韦小宝
徐铮,1.7977975824372772,胡斐,胡斐
胖头陀,1.782960333971271,韦小宝,韦小宝
苏普,1.7797180344828898,苏普,苏普
宋青书,1.7763281905587325,张无忌,张无忌
何太冲,1.7661823103084517,张无忌,张无忌
孟健雄,1.73516693919161,陈家洛,陈家洛
桃枝仙,1.7266881241821874,令狐冲,令狐冲
何足道,1.7130183612455125,杨过,杨过
风波恶,1.7011551163047267,段誉,段誉
张康,1.6992872655843045,韦小宝,韦小宝
杨不悔,1.6991054371318768,张无忌,张无忌
王剑英,1.6962100554191089,胡斐,胡斐
拖雷,1.6878195434077872,郭靖,郭靖
仪和,1.6868683376327194,令狐冲,令狐冲
金花婆婆,1.6753887109464978,张无忌,张无忌
彭莹玉,1.673943918911897,张无忌,张无忌
贝海石,1.6652199260356297,石破天,石破天
小昭,1.6618975790534278,张无忌,张无忌
陈友谅,1.6430810795920208,张无忌,张无忌
商宝震,1.6421197243080339,胡斐,胡斐
玄慈,1.6420677933421626,段誉,段誉
纪晓芙,1.6379705837951473,张无忌,张无忌
王处一,1.6365941899189718,郭靖,郭靖
施琅,1.63589969747242,韦小宝,韦小宝
丁典,1.633843845868631,狄云,狄云
皇太后,1.6292867089265024,韦小宝,韦小宝
韩小莹,1.62392822307297,郭靖,郭靖
黄真,1.622979218784691,袁承志,袁承志
胡大哥,1.6197153520832968,胡斐,胡斐
桃干仙,1.612988674425554,令狐冲,令狐冲
圆真,1.6062229678280808,张无忌,张无忌
公冶乾,1.5993566127558436,段誉,段誉
桃花仙,1.5974005088706198,令狐冲,令狐冲
陆无双,1.5808919861122506,杨过,杨过
李可秀,1.5776760645519647,陈家洛,陈家洛
曹云奇,1.5754518241016997,曹云奇,曹云奇
陆大有,1.5656520351408545,令狐冲,令狐冲
王夫人,1.5610929729391627,段誉,段誉
彭连虎,1.5535436010365697,郭靖,郭靖
潇湘子,1.5510519295432923,杨过,杨过
商老太,1.547964115393354,胡斐,胡斐
马行空,1.5337986391355953,胡斐,胡斐
赵钱孙,1.5337767549685415,段誉,段誉
林震南,1.5230622775405294,令狐冲,令狐冲
谢烟客,1.523038539708014,石破天,石破天
孙仲寿,1.5209715601348555,袁承志,袁承志
李四,1.5203618942219745,张无忌,张无忌
阿曼,1.5181258782155347,苏普,苏普
闵子华,1.5171251118447684,袁承志,袁承志
花铁干,1.517033662611639,狄云,狄云
韩宝驹,1.5167986708316548,郭靖,郭靖
祖千秋,1.5083602180825335,令狐冲,令狐冲
汤沛,1.5047023602606062,胡斐,胡斐
空见,1.4986360426973266,张无忌,张无忌
吴六奇,1.4955641328961056,韦小宝,韦小宝
沙通天,1.4755419344447895,郭靖,郭靖
阿九,1.4752011229395348,袁承志,袁承志
莫声谷,1.4744567446028911,张无忌,张无忌
云中鹤,1.4640791278662508,段誉,段誉
蒋四根,1.4639535999660427,陈家洛,陈家洛
少妇,1.4618387462013347,陈家洛,陈家洛
成昆,1.4505597027764172,张无忌,张无忌
李力世,1.4472153532946581,韦小宝,韦小宝
吴之荣,1.4409857305624636,韦小宝,韦小宝
苏星河,1.4371915557409076,段誉,段誉
木卓伦,1.4312404067566997,陈家洛,陈家洛
穆人清,1.4270367692452013,袁承志,袁承志
何惕守,1.4192575152694573,袁承志,袁承志
胡青牛,1.4171910229263711,张无忌,张无忌
耶律齐,1.4136334565798099,杨过,杨过
全金发,1.4134186998935252,郭靖,郭靖
焦公礼,1.4069487058193075,袁承志,袁承志
宝树,1.401231111532445,张无忌,张无忌
钱老本,1.3969764238356732,韦小宝,韦小宝
仪清,1.3954663086297618,令狐冲,令狐冲
裘千仞,1.39337765446903,郭靖,郭靖
乌老大,1.3849324778196515,段誉,段誉
崔秋山,1.3835837226388619,袁承志,袁承志
崔希敏,1.3803396693106955,袁承志,袁承志
铁木真,1.3772463287991439,郭靖,郭靖
胡一刀,1.370674985470725,胡斐,胡斐
马夫人,1.370454527525804,段誉,段誉
胡桂南,1.369490940253325,袁承志,袁承志
常遇春,1.3675630434282908,张无忌,张无忌
冯锡范,1.3633251343175872,韦小宝,韦小宝
张康年,1.356872992471966,韦小宝,韦小宝
吴立身,1.35609370188476,韦小宝,韦小宝
桃实仙,1.3468811855434175,令狐冲,令狐冲
白振,1.3468655089023385,陈家洛,陈家洛
石双英,1.3454805381233337,陈家洛,陈家洛
钟万仇,1.3412890005826508,段誉,段誉
顾金标,1.33859501606916,陈家洛,陈家洛
陆高轩,1.3357818654324702,韦小宝,韦小宝
天门道人,1.3287321942045227,令狐冲,令狐冲
一灯大师,1.3252733414350022,郭靖,郭靖
陈正德,1.3213883098429204,陈家洛,陈家洛
桃叶仙,1.3134710747422083,令狐冲,令狐冲
苏鲁克,1.3107742489070184,苏普,苏普
白自在,1.3096872104980537,石破天,石破天
温青,1.2943819877192264,袁承志,袁承志
丁不三,1.2933260194659448,石破天,石破天
九难,1.2842877175746623,韦小宝,韦小宝
无色,1.2766486183167232,杨过,杨过
霍都,1.2758771333841374,杨过,杨过
木高峰,1.2753777335811165,令狐冲,令狐冲
白寒枫,1.2743236858302869,韦小宝,韦小宝
石中玉,1.2715383751467264,石破天,石破天
叶二娘,1.2705223466076043,段誉,段誉
徐长老,1.270156613596717,段誉,段誉
杨铁心,1.2634369500087756,郭靖,郭靖
黑白子,1.2628360232332618,令狐冲,令狐冲
哈合台,1.2571029924752524,陈家洛,陈家洛
朱子柳,1.2484128677181645,杨过,杨过
萧中慧,1.2445838194589283,萧中慧,萧中慧
尹克西,1.2417709055925066,杨过,杨过
温方达,1.2413423790046725,袁承志,袁承志
兆惠,1.2385676848412432,陈家洛,陈家洛
王道,1.2257894008136734,郭靖,郭靖
苗若兰,1.2211475562235035,胡斐,胡斐
苏菲亚,1.2194640956537606,韦小宝,韦小宝
阿三,1.2189618243005782,张无忌,张无忌
沐剑声,1.2138996899560592,韦小宝,韦小宝
梁子翁,1.2070237481670236,郭靖,郭靖
童兆和,1.2037785067008162,陈家洛,陈家洛
殷离,1.2035956997531005,张无忌,张无忌
樊纲,1.1996008098502797,韦小宝,韦小宝
华筝,1.1946629503220902,郭靖,郭靖
执法长老,1.1914117637063473,张无忌,张无忌
何红药,1.1870661006135943,袁承志,袁承志
丹青生,1.1825811231252126,令狐冲,令狐冲
车夫,1.18149317226658,韦小宝,韦小宝
鹿杖客,1.1752335684330317,张无忌,张无忌
陈圆圆,1.1732822225017712,韦小宝,韦小宝
白二,1.1693243728117466,韦小宝,韦小宝
桑结,1.1641384312965888,韦小宝,韦小宝
武三通,1.1594276611610714,杨过,杨过
王维扬,1.1557490179370769,陈家洛,陈家洛
朱元璋,1.1496473291387839,张无忌,张无忌
安大娘,1.14875194661799,袁承志,袁承志
车尔库,1.148509296749346,苏普,苏普
多隆,1.1470759539340467,韦小宝,韦小宝
尼摩星,1.1437963971334937,杨过,杨过
刘一舟,1.1392186340195263,韦小宝,韦小宝
李岩,1.136983010168393,袁承志,袁承志
上官云,1.1362285284879161,令狐冲,令狐冲
公孙止,1.1331741409458254,杨过,杨过
裘千尺,1.1314161100533378,杨过,杨过
吴坎,1.1285884858459514,狄云,狄云
安健刚,1.1258106311795706,陈家洛,陈家洛
柳大洪,1.1238925769747972,韦小宝,韦小宝
穆念慈,1.1222406850875144,郭靖,郭靖
谭婆,1.1218772435552782,段誉,段誉
全冠清,1.1217670055007352,段誉,段誉
武修文,1.1176868056776146,杨过,杨过
郝大通,1.1143848711073279,郭靖,郭靖
侯通海,1.1065541999734847,郭靖,郭靖
冲虚道长,1.1041430754365442,令狐冲,令狐冲
空性,1.1023419348367145,张无忌,张无忌
陈达海,1.0987292106221624,苏普,苏普
阮星竹,1.0958663075336377,段誉,段誉
明珠,1.0926823970291013,韦小宝,韦小宝
卓天雄,1.0861849667531902,卓天雄,卓天雄
瑞大林,1.079711208483452,陈家洛,陈家洛
温方山,1.077616500657196,袁承志,袁承志
谭公,1.0705684775134567,段誉,段誉
觉远,1.0676746947295268,杨过,杨过
葛尔丹,1.065058089029327,韦小宝,韦小宝
秦红棉,1.0609956401858742,段誉,段誉
林玉龙,1.0587283769977907,林玉龙,林玉龙
陆冠英,1.05068953992734,郭靖,郭靖
殷仲翔,1.048995943690938,胡斐,胡斐
曾柔,1.0473448039032207,韦小宝,韦小宝
南希仁,1.044719266566911,郭靖,郭靖
任飞燕,1.0425820926887754,任飞燕,任飞燕
鲁有脚,1.0399530784560187,郭靖,郭靖
渡厄,1.0392498568797257,张无忌,张无忌
关明梅,1.0345442262029247,陈家洛,陈家洛
刘培生,1.0306553984974636,袁承志,袁承志
常赫志,1.030150714271134,陈家洛,陈家洛
徐达,1.0298318464050138,张无忌,张无忌
澄光,1.028635984863747,韦小宝,韦小宝
王剑杰,1.0279805244474498,胡斐,胡斐
范骅,1.0265571431353817,段誉,段誉
耿万钟,1.0244466194877637,石破天,石破天
丁敏君,1.0180026908450874,张无忌,张无忌
温方义,1.011996540097545,袁承志,袁承志
殷野王,1.0100174634378052,张无忌,张无忌
安小慧,1.0097343395092884,袁承志,袁承志
崔百泉,1.0094743916338764,段誉,段誉
计无施,1.0011106517855244,令狐冲,令狐冲
归钟,1.0004810865754084,韦小宝,韦小宝
皇太极,0.9881946382609372,袁承志,袁承志
单正,0.9872856429935675,段誉,段誉
陶子安,0.9861822589157805,陶子安,陶子安
赵齐贤,0.9857178527455894,韦小宝,韦小宝
童子,0.9849543500315141,郭靖,郭靖
顾炎武,0.9778253602885087,韦小宝,韦小宝
孙不二,0.9737932317729141,郭靖,郭靖
不戒和尚,0.9725591714244649,令狐冲,令狐冲
朱安国,0.9701234976626133,袁承志,袁承志
袁士霄,0.9675749921911652,陈家洛,陈家洛
秃笔翁,0.967280308423139,令狐冲,令狐冲
袁冠南,0.9650431898226077,卓天雄,卓天雄
薛慕华,0.9607983621330377,段誉,段誉
汪铁鹗,0.9585622545561276,胡斐,胡斐
常伯志,0.9580131286099258,陈家洛,陈家洛
韩文冲,0.9557490524054034,陈家洛,陈家洛
方生,0.9519534843491173,令狐冲,令狐冲
司马林,0.9506841635423278,段誉,段誉
行痴,0.9506246718699066,韦小宝,韦小宝
本因,0.9492782168723427,段誉,段誉
血刀老祖,0.9466865711758351,狄云,狄云
忽必烈,0.9447161697383559,杨过,杨过
曹化淳,0.9438865869762568,袁承志,袁承志
瘦头陀,0.9414681509667492,韦小宝,韦小宝
玄寂,0.9401429573962361,段誉,段誉
陈禹,0.9394426856494312,胡斐,胡斐
黄钟公,0.937696550879628,令狐冲,令狐冲
明月,0.9359002852640267,张无忌,张无忌
传功长老,0.931615063121753,张无忌,张无忌
费彬,0.9271555933737796,令狐冲,令狐冲
关安基,0.9183493498349552,韦小宝,韦小宝
澄观,0.913875919750668,韦小宝,韦小宝
张朝唐,0.9136888273198203,袁承志,袁承志
建宁公主,0.913594027647424,韦小宝,韦小宝
苏荃,0.9109981593077257,韦小宝,韦小宝
石万嗔,0.9107747875826733,胡斐,胡斐
店伴,0.9081958353153166,胡斐,胡斐
达尔巴,0.907510039306684,杨过,杨过
林兴珠,0.9073252320270537,韦小宝,韦小宝
郑萼,0.9067202846483541,令狐冲,令狐冲
史火龙,0.8980596484042365,张无忌,张无忌
成璜,0.894356263433153,陈家洛,陈家洛
田青文,0.8899066084234313,曹云奇,曹云奇
桑昆,0.8859942231334876,郭靖,郭靖
班淑娴,0.8816010669425661,张无忌,张无忌
清风,0.8810821440970122,段誉,段誉
康广陵,0.8801314029168428,段誉,段誉
苏冈,0.8788995443931612,韦小宝,韦小宝
白世镜,0.8765265058141668,段誉,段誉
孟伯飞,0.8724308637349376,袁承志,袁承志
农夫,0.8702354246213997,郭靖,郭靖
铁匠,0.8694077280700647,杨过,杨过
海兰弼,0.8673683802407093,胡斐,胡斐
薛鹊,0.8665236644425274,胡斐,胡斐
玉真子,0.8651211913747701,袁承志,袁承志
陶百岁,0.8648023818325822,陶子安,陶子安
言伯乾,0.8629641612229908,陈家洛,陈家洛
范一飞,0.8620607933931171,石破天,石破天
吕七,0.8602170511950333,袁承志,袁承志
褚万里,0.8591460681139372,段誉,段誉
花万紫,0.8582980839008881,石破天,石破天
马超兴,0.8521739808694387,韦小宝,韦小宝
司空玄,0.8511643079571238,段誉,段誉
慕容景岳,0.8510525565102245,胡斐,胡斐
王元霸,0.8505605424701324,令狐冲,令狐冲
朱九真,0.8451485622028633,张无忌,张无忌
王罕,0.8416271251869836,郭靖,郭靖
游迅,0.8400275171745398,令狐冲,令狐冲
玉林,0.8340125668203122,韦小宝,韦小宝
倪浩,0.8330547644795534,袁承志,袁承志
风清扬,0.8290365084027185,令狐冲,令狐冲
郑起云,0.8286821183379982,袁承志,袁承志
洞玄,0.8267187998679072,袁承志,袁承志
戚长发,0.8266326080842913,狄云,狄云
武敦儒,0.8256010951064765,杨过,杨过
绿竹翁,0.8253439121073243,令狐冲,令狐冲
杨溢之,0.8250194122549592,韦小宝,韦小宝
高三娘子,0.8243473656504541,石破天,石破天
张阿生,0.8239687676536945,郭靖,郭靖
西华子,0.8236447132877123,张无忌,张无忌
刘元鹤,0.8234018067256199,曹云奇,曹云奇
彼得,0.8233218611629034,韦小宝,韦小宝
史季强,0.819467064926801,杨过,杨过
渡劫,0.8175500306785982,张无忌,张无忌
言达平,0.8144947328474333,狄云,狄云
曲洋,0.8136975809948391,令狐冲,令狐冲
冯难敌,0.8109333877206295,袁承志,袁承志
朱长龄,0.8107141290242288,张无忌,张无忌
札木合,0.8077624460330413,郭靖,郭靖
盖一鸣,0.8062586689140783,盖一鸣,盖一鸣
阎基,0.8010031227205774,胡斐,胡斐
左子穆,0.7976837022804512,段誉,段誉
定静师太,0.7912872416725057,令狐冲,令狐冲
张勇,0.790770382124138,韦小宝,韦小宝
窝阔台,0.7855856515295624,郭靖,郭靖
封万里,0.784783110519188,石破天,石破天
曾铁鸥,0.7808253602818187,胡斐,胡斐
杨莲亭,0.7805219175297117,令狐冲,令狐冲
秦耐之,0.7784418933262887,胡斐,胡斐
杨鹏举,0.7780995953831896,袁承志,袁承志
哲罗星,0.7761095168415777,段誉,段誉
卜垣,0.7738443172232886,狄云,狄云
完颜萍,0.7722541839821315,杨过,杨过
耶律洪基,0.770675674776575,段誉,段誉
孙婆婆,0.7694245359933776,杨过,杨过
韩林儿,0.7671583110638643,张无忌,张无忌
王万仞,0.7668203232370688,石破天,石破天
渡难,0.7662065058190778,张无忌,张无忌
成自学,0.7648861951876577,石破天,石破天
桑飞虹,0.7608610806538253,胡斐,胡斐
罗立如,0.7605651081982265,袁承志,袁承志
灵智上人,0.7582568657705059,郭靖,郭靖
不平道人,0.7575604387757215,段誉,段誉
王进宝,0.7509316295095708,韦小宝,韦小宝
郭啸天,0.7501235749964802,郭靖,郭靖
华赫艮,0.7496353959758332,段誉,段誉
过彦之,0.7494275894058918,段誉,段誉
范百龄,0.7490579141340291,段誉,段誉
波罗星,0.747695843247976,段誉,段誉
刘鹤真,0.7470159420475443,胡斐,胡斐
张夫人,0.7455271322903443,令狐冲,令狐冲
应松,0.7449759515500171,袁承志,袁承志
多尔衮,0.7437006164537264,袁承志,袁承志
熊元献,0.7427878125725713,曹云奇,曹云奇
温方悟,0.742325422722939,袁承志,袁承志
赵良栋,0.7358439855371498,韦小宝,韦小宝
甘宝宝,0.7351351341742084,段誉,段誉
周威信,0.7350661961517497,萧中慧,萧中慧
樊一翁,0.7341811848124332,杨过,杨过
水岱,0.7319430118951085,狄云,狄云
高升泰,0.7302024965402795,段誉,段誉
鲁坤,0.7301144200645164,狄云,狄云
平一指,0.7292574683093199,令狐冲,令狐冲
慕容博,0.7283097188732609,段誉,段誉
仇松年,0.7271760160409485,令狐冲,令狐冲
吕正平,0.7248011702312964,石破天,石破天
卫璧,0.7230873450912549,张无忌,张无忌
费要多罗,0.7169218732890325,韦小宝,韦小宝
掌棒龙头,0.7155098557623013,张无忌,张无忌
简捷,0.7154079188423169,张无忌,张无忌
吕留良,0.7134681237182364,韦小宝,韦小宝
菊剑,0.7123360024086002,段誉,段誉
李秋水,0.7110594125073806,段誉,段誉
刀白凤,0.7050445819510585,段誉,段誉
平阿四,0.7020052332773226,胡斐,胡斐
封不平,0.7003985054732221,令狐冲,令狐冲
温仪,0.6982826383393154,袁承志,袁承志
荣彩,0.6978017698395207,袁承志,袁承志
刘处玄,0.6967272186191529,郭靖,郭靖
白龟寿,0.6966054705874866,张无忌,张无忌
诸保昆,0.6955507300139807,段誉,段誉
术赤,0.6935093306943552,郭靖,郭靖
武青婴,0.6924263809949627,张无忌,张无忌
程瑶迦,0.6911659568698398,郭靖,郭靖
齐自勉,0.6879278436302838,石破天,石破天
大苦,0.6869756027839691,陈家洛,陈家洛
鲍大楚,0.6859819456376586,令狐冲,令狐冲
马善均,0.6856351736800286,陈家洛,陈家洛
阿凡提,0.685530887233323,陈家洛,陈家洛
包惜弱,0.6851305615549024,郭靖,郭靖
施戴子,0.6847400523969669,令狐冲,令狐冲
渔人,0.6839018584538417,郭靖,郭靖
史仲猛,0.6838625492968688,杨过,杨过
都大锦,0.6833571520779705,张无忌,张无忌
周云阳,0.6825793440020007,陶子安,陶子安
史镖头,0.6821268187032574,令狐冲,令狐冲
风良,0.6811609574282231,石破天,石破天
钟镇,0.6808259637213622,令狐冲,令狐冲
龙岛主,0.6807433631119626,石破天,石破天
殷吉,0.6802726254577633,陶子安,陶子安
焦文期,0.6774484578051546,陈家洛,陈家洛
阎世章,0.67371368530353,陈家洛,陈家洛
书僮,0.6719151507012521,陈家洛,陈家洛
博尔术,0.6716719170479077,郭靖,郭靖
教士,0.6707058593528474,韦小宝,韦小宝
姜铁山,0.6699038665996551,胡斐,胡斐
吴国栋,0.6697245867340202,陈家洛,陈家洛
脚夫,0.6682423644728217,胡斐,胡斐
掌钵龙头,0.6676435300816124,张无忌,张无忌
单铁生,0.6622467020909726,袁承志,袁承志
大头鬼,0.6604797411951433,杨过,杨过
蓝凤凰,0.6594277748550179,令狐冲,令狐冲
周圻,0.6584217225712965,狄云,狄云
梁自进,0.6579941444445323,石破天,石破天
天山童姥,0.6579247288863419,段誉,段誉
孙思克,0.6571197059518439,韦小宝,韦小宝
李西华,0.6570425070618992,韦小宝,韦小宝
空心菜,0.6547820397961157,狄云,狄云
张君宝,0.6545021344953197,杨过,杨过
段天德,0.6540323975640427,郭靖,郭靖
侍剑,0.6534512794730748,石破天,石破天
郁光标,0.6523876158803334,段誉,段誉
汤和,0.6507085124111973,张无忌,张无忌
察合台,0.6491724061714063,郭靖,郭靖
沈城,0.6490882104254341,狄云,狄云
温正,0.6448557146666938,袁承志,袁承志
罗人杰,0.6441327292069188,令狐冲,令狐冲
周大奶奶,0.6440429902709335,陈家洛,陈家洛
方人智,0.6403253062097136,令狐冲,令狐冲
萧半和,0.6380553167266297,萧中慧,萧中慧
常金鹏,0.6374395114067828,张无忌,张无忌
汪啸风,0.6368161611300698,狄云,狄云
吊死鬼,0.6366349295986855,杨过,杨过
玉如意,0.6353095368757666,陈家洛,陈家洛
温方施,0.6340328399009438,袁承志,袁承志
玄苦,0.6321352596434511,段誉,段誉
樵子,0.6317469415122492,郭靖,郭靖
范帮主,0.6316260513030267,胡斐,胡斐
宗维侠,0.6304552578783128,张无忌,张无忌
无尘道人,0.630249623967058,陈家洛,陈家洛
万庆澜,0.6297854716685858,陈家洛,陈家洛
天镜,0.6289011620968499,陈家洛,陈家洛
逍遥子,0.6267313011541873,盖一鸣,盖一鸣
马光佐,0.6257917640966775,杨过,杨过
陈玄风,0.6240567719964485,郭靖,郭靖
喀丝丽,0.6231831430379533,陈家洛,陈家洛
兰剑,0.6207100198038462,段誉,段誉
谭处端,0.6188216930271297,郭靖,郭靖
巴泰,0.6185394740769317,袁承志,袁承志
玉玑子,0.6180002325016234,令狐冲,令狐冲
木华黎,0.616540723946893,郭靖,郭靖
丁勉,0.615458551802861,令狐冲,令狐冲
于嫂,0.6145518004724682,令狐冲,令狐冲
瑞栋,0.6141002902227561,韦小宝,韦小宝
温南扬,0.6133398306841982,袁承志,袁承志
孙伏虎,0.6122231271248357,胡斐,胡斐
摘星子,0.6116817838709364,段誉,段誉
李志常,0.6097985937074883,郭靖,郭靖
王武通,0.6097882245264444,韦小宝,韦小宝
孙均,0.6092493498482353,狄云,狄云
罗大千,0.6083734786087795,袁承志,袁承志
敖彪,0.6077340604723753,韦小宝,韦小宝
妙风使,0.6075039487414635,张无忌,张无忌
曲非烟,0.6053770950424102,令狐冲,令狐冲
无尘道长,0.60349233065381,陈家洛,陈家洛
陈冲之,0.6013150960391782,石破天,石破天
陶红英,0.5992210293955895,韦小宝,韦小宝
行颠,0.5969296088717425,韦小宝,韦小宝
博尔忽,0.5962560863907489,郭靖,郭靖
武烈,0.5931341753967571,张无忌,张无忌
无崖子,0.5928338393365493,段誉,段誉
姬晓峰,0.592453690628146,胡斐,胡斐
教长,0.5924118446949715,令狐冲,令狐冲
都史,0.5918994057635709,郭靖,郭靖
陆乘风,0.5903957598629133,郭靖,郭靖
于人豪,0.5899546197061561,令狐冲,令狐冲
天虚,0.5879695458817995,石破天,石破天
宋长老,0.5871514370049731,段誉,段誉
司徒千钟,0.5867254608971353,张无忌,张无忌
阿二,0.5865058310492883,张无忌,张无忌
古笃诚,0.5832446525259797,段誉,段誉
夏国相,0.5831939656505558,韦小宝,韦小宝
郑三娘,0.5831139321055892,曹云奇,曹云奇
本观,0.58275010647143,段誉,段誉
佟国纲,0.5820872799945058,韦小宝,韦小宝
冯阿三,0.5814372441077644,段誉,段誉
玄痛,0.5792408746620155,段誉,段誉
太皇太后,0.5784345724543529,韦小宝,韦小宝
玉灵道人,0.575669258570646,令狐冲,令狐冲
孙刚峰,0.5754650620171116,胡斐,胡斐
冯不摧,0.5753921052297202,袁承志,袁承志
本参,0.5751480551903103,段誉,段誉
玄生,0.5745006513431903,段誉,段誉
柯万钧,0.5737977963831744,石破天,石破天
丁大全,0.5734739395459234,韦小宝,韦小宝
小翠,0.5733599736375747,石破天,石破天
曾图南,0.5718427535155479,陈家洛,陈家洛
赛总管,0.5717985227206142,胡斐,胡斐
齐云,0.569845998528957,袁承志,袁承志
郭玉堂,0.5696627985584477,胡斐,胡斐
周牧,0.5689673727343993,石破天,石破天
神山上人,0.5668251344439377,段誉,段誉
冷谦,0.5649071632653577,张无忌,张无忌
史登达,0.564595047364195,令狐冲,令狐冲
阳顶天,0.564504361771123,张无忌,张无忌
慧方,0.563650953494885,段誉,段誉
钱正伦,0.5621696889580701,陈家洛,陈家洛
澄心,0.5615264203541956,韦小宝,韦小宝
本相,0.5611277739468996,段誉,段誉
杨宾,0.5607674388693278,胡斐,胡斐
吴道通,0.5606435384513144,石破天,石破天
无青子,0.5600377332921672,胡斐,胡斐
花剑影,0.5591998356551149,盖一鸣,盖一鸣
何三七,0.5577274226680468,令狐冲,令狐冲
凌退思,0.5573757695096957,狄云,狄云
廖自砺,0.5561982061906778,石破天,石破天
展飞,0.555860859718426,石破天,石破天
唐文亮,0.5556816022279869,张无忌,张无忌
卢一峰,0.5551788507815157,韦小宝,韦小宝
李萍,0.5513957406499351,郭靖,郭靖
郑镖头,0.5502853824707563,令狐冲,令狐冲
萧远山,0.5496513151439015,段誉,段誉
梁发,0.5486691185314216,令狐冲,令狐冲
白寒松,0.5459296125712771,韦小宝,韦小宝
霍元龙,0.5447204887160642,苏普,苏普
玉音子,0.543004574592497,令狐冲,令狐冲
吴光胜,0.5428415625897631,段誉,段誉
红娘子,0.5419702254136916,袁承志,袁承志
邓愈,0.5418711076036242,张无忌,张无忌
天竺僧,0.5409999302394428,杨过,杨过
史叔刚,0.5409271884580393,杨过,杨过
觉远大师,0.5391461639947679,张无忌,张无忌
洪人雄,0.5380325229479916,令狐冲,令狐冲
常长风,0.5375341874668879,盖一鸣,盖一鸣
严三星,0.5371298211485589,令狐冲,令狐冲
桑土公,0.5370968160787426,段誉,段誉
倪不大,0.5353513306463298,胡斐,胡斐
倪不小,0.5353513306463297,胡斐,胡斐
柳燕,0.5353377511714702,韦小宝,韦小宝
黄伯流,0.5345349443088765,令狐冲,令狐冲
姚春,0.5333679519360828,韦小宝,韦小宝
李三,0.5326598035171275,苏普,苏普
竹剑,0.531663904883289,段誉,段誉
高老者,0.5314081610136304,张无忌,张无忌
辛国梁,0.530336643647141,令狐冲,令狐冲
司徒伯雷,0.530315853826415,韦小宝,韦小宝
皇甫阁,0.5299704525300197,韦小宝,韦小宝
易三娘,0.5290258226659479,张无忌,张无忌
石嫂,0.5270725355259767,段誉,段誉
无常鬼,0.5261456231305219,陈家洛,陈家洛
辉月使,0.525775990102076,张无忌,张无忌
何思豪,0.5257562877901952,胡斐,胡斐
冯不破,0.5255626076670274,袁承志,袁承志
傅思归,0.5253826791580072,段誉,段誉
流云使,0.5228083696374473,张无忌,张无忌
玉磬子,0.5208184249157037,令狐冲,令狐冲
洪朝,0.5207851148796174,韦小宝,韦小宝
于万亭,0.5200555292934697,陈家洛,陈家洛
圆音,0.5198845162169567,张无忌,张无忌
呼延万善,0.5192188838822922,石破天,石破天
陈大方,0.5184101784442923,韦小宝,韦小宝
宋善朋,0.5179096748711852,陈家洛,陈家洛
霍阿伊,0.5175730576784452,陈家洛,陈家洛
许雪亭,0.5161207178980032,韦小宝,韦小宝
彭长老,0.5161131704980246,郭靖,郭靖
冯坦,0.5133697931218795,狄云,狄云
瑞婆婆,0.5128557925605235,段誉,段誉
吕小妹,0.5126308713705168,胡斐,胡斐
安奉日,0.5115316346958397,石破天,石破天
云鹤,0.5112373858619916,张无忌,张无忌
木岛主,0.5108642377613766,石破天,石破天
钟兆文,0.5100241996537185,胡斐,胡斐
李傀儡,0.5096870918223287,段誉,段誉
矮老者,0.5096122846372428,张无忌,张无忌
刘芳亮,0.5074024200767062,袁承志,袁承志
完颜洪熙,0.5063147690644314,郭靖,郭靖
陈七,0.5059209228969823,令狐冲,令狐冲
吴大鹏,0.5046270901810455,韦小宝,韦小宝
补锅匠,0.5030609495143423,胡斐,胡斐
刘宗敏,0.501970484429608,袁承志,袁承志
詹春,0.49972411341027995,张无忌,张无忌
董开山,0.4984952259292912,袁承志,袁承志
孟铮,0.4981282161130305,袁承志,袁承志
大智禅师,0.4977574522601873,胡斐,胡斐
笑脸鬼,0.4968925044481179,杨过,杨过
黎刚,0.49676051312198033,袁承志,袁承志
史伯威,0.49591902309148667,杨过,杨过
慕天颜,0.49531294392255304,韦小宝,韦小宝
简长老,0.4949811384650699,郭靖,郭靖
张淡月,0.4949311114350667,韦小宝,韦小宝
静玄师太,0.4947552194845186,张无忌,张无忌
彭三春,0.49462866601367766,陈家洛,陈家洛
蔡威,0.49318061536310476,胡斐,胡斐
王伯奋,0.4931118238434782,令狐冲,令狐冲
钱通四,0.492650991410458,袁承志,袁承志
童百熊,0.49190785298494555,令狐冲,令狐冲
王志坦,0.49068296226909935,郭靖,郭靖
马博仁,0.4905549425823367,韦小宝,韦小宝
王保保,0.49035621131223234,张无忌,张无忌
鲜于通,0.4900547172679637,张无忌,张无忌
洪凌波,0.48919046796391413,杨过,杨过
王惟忠,0.4877693240202192,韦小宝,韦小宝
老不死,0.487663472735326,令狐冲,令狐冲
高则成,0.4864929245247606,张无忌,张无忌
王难姑,0.4851758396334873,张无忌,张无忌
梁长老,0.4841271497650809,郭靖,郭靖
耶律燕,0.4838744808410094,杨过,杨过
宋天保,0.48284863375788606,陈家洛,陈家洛
吴领军,0.481427323242692,段誉,段誉
孙三毁,0.48060504370631196,张无忌,张无忌
丁坚,0.480271016279265,令狐冲,令狐冲
智光大师,0.47653611617783226,段誉,段誉
李四摧,0.47617456773923006,张无忌,张无忌
朱祖荫,0.47564917879130414,陈家洛,陈家洛
姚伯当,0.4750830332717119,段誉,段誉
汤若望,0.4743988545772212,韦小宝,韦小宝
向大年,0.4743076122404686,令狐冲,令狐冲
祁清彪,0.47377505944911075,韦小宝,韦小宝
尉迟连,0.4733476493508945,胡斐,胡斐
蒋涛,0.47197442513158766,张无忌,张无忌
乾隆皇帝,0.4703746927470924,陈家洛,陈家洛
张九,0.46972091595382703,胡斐,胡斐
潘天耕,0.46894758974437434,杨过,杨过
丧门鬼,0.4681242120900226,杨过,杨过
黄宗羲,0.4680721808796711,韦小宝,韦小宝
大悲老人,0.4679147327754742,石破天,石破天
室里,0.46757236669223456,段誉,段誉
贾布,0.46650836089842435,令狐冲,令狐冲
史仲俊,0.464719008941748,令狐冲,令狐冲
闻万夫,0.4646862367731045,石破天,石破天
守备,0.4640663703018717,韦小宝,韦小宝
钟兆英,0.46381997694109445,胡斐,胡斐
净济,0.4633056926430254,韦小宝,韦小宝
卓不凡,0.4629949994696143,段誉,段誉
成不忧,0.4627787292242593,令狐冲,令狐冲
刘乘风,0.46260225475939004,狄云,狄云
闻先生,0.4619312179412182,令狐冲,令狐冲
高克新,0.46164120668887215,令狐冲,令狐冲
殷无福,0.46101549179736523,张无忌,张无忌
温有方,0.4594090593098829,韦小宝,韦小宝
赤老温,0.45888660331565484,郭靖,郭靖
罕贴摩,0.45735019549162476,韦小宝,韦小宝
五姑,0.4557935313355245,张无忌,张无忌
木桑道长,0.4549182373736697,袁承志,袁承志
马大挺,0.4541517215877195,陈家洛,陈家洛
耶律重元,0.45398254922191533,耶律重元,耶律重元
耶律涅鲁古,0.45398254922191533,耶律涅鲁古,耶律涅鲁古
上官铁生,0.4527335826293572,胡斐,胡斐
王仲强,0.4502879988900114,令狐冲,令狐冲
于管家,0.4489027526307424,胡斐,胡斐
祁天彪,0.4480153238573241,张无忌,张无忌
平婆婆,0.44787275222991896,段誉,段誉
圆业,0.44728931667318117,张无忌,张无忌
梅芳姑,0.447199662574749,石破天,石破天
王家驹,0.4465617371312415,令狐冲,令狐冲
上官虹,0.4459714310083956,苏普,苏普
桑斯,0.4459538498210761,苏普,苏普
沙老大,0.4457801307329651,袁承志,袁承志
辛双清,0.4457198212509304,段誉,段誉
符敏仪,0.4452419990002916,段誉,段誉
贝锦仪,0.4430815662796447,张无忌,张无忌
冯辉,0.4429562952642908,陈家洛,陈家洛
吴劲草,0.4422866367290701,张无忌,张无忌
武三娘,0.44111186764649035,杨过,杨过
刘竹庄,0.44106912246720553,段誉,段誉
文醉翁,0.4409750863904481,胡斐,胡斐
庄允城,0.4408233610805069,韦小宝,韦小宝
张一氓,0.44047381487111215,黄蓉,黄蓉
陆天抒,0.4403419626920629,狄云,狄云
觉月,0.44015526153108253,令狐冲,令狐冲
司徒鹤,0.4399212182467538,韦小宝,韦小宝
净清,0.4390202924179665,韦小宝,韦小宝
吴平,0.4380852008706261,袁承志,袁承志
齐洛诺夫,0.43776002236620337,韦小宝,韦小宝
胡逸之,0.4360930226584019,韦小宝,韦小宝
元义方,0.43509485678807147,韦小宝,韦小宝
杜百当,0.43454541860383256,张无忌,张无忌
百草仙,0.4344588894810061,黄蓉,黄蓉
黎生,0.4336870735030963,郭靖,郭靖
白熊,0.4335684962689744,令狐冲,令狐冲
童怀道,0.43280323470633164,胡斐,胡斐
澄通,0.43279923872672343,韦小宝,韦小宝
大痴,0.43186145642469,陈家洛,陈家洛
老王,0.43161173652782786,陈家洛,陈家洛
周英杰,0.4308082786887156,陈家洛,陈家洛
鹿清笃,0.43075312315055303,杨过,杨过
袁枚,0.43051327379648546,袁枚,袁枚
西宝,0.4304530531948963,令狐冲,令狐冲
慧真,0.42998750830674487,段誉,段誉
段正明,0.4284391360449581,段誉,段誉
林远图,0.427513145772184,令狐冲,令狐冲
钱二败,0.42736906131805374,张无忌,张无忌
黑熊,0.427316387065363,令狐冲,令狐冲
花云,0.42724065933238725,张无忌,张无忌
催命鬼,0.4271512762110823,杨过,杨过
平四,0.4267494292915297,胡斐,胡斐
齐元凯,0.42534363630081196,韦小宝,韦小宝
史松,0.42519970823013403,韦小宝,韦小宝
赫连铁树,0.42481121276783285,段誉,段誉
石骏,0.42463379341781504,袁承志,袁承志
易师爷,0.4235625930767416,令狐冲,令狐冲
侯人英,0.42293316534977754,令狐冲,令狐冲
赵一伤,0.42290900800374454,张无忌,张无忌
大癫,0.42267442884138906,陈家洛,陈家洛
史小翠,0.42213821755444714,石破天,石破天
卫四娘,0.42135887310636894,张无忌,张无忌
华伯斯基,0.4210169798102708,韦小宝,韦小宝
宁完我,0.4208353792151218,袁承志,袁承志
马齐,0.41995747124590077,陈家洛,陈家洛
袁夫人,0.41855035296467646,卓天雄,卓天雄
游骥,0.4183583085565955,段誉,段誉
覃天丞,0.4177743760257716,陈家洛,陈家洛
于八,0.41661954839687076,韦小宝,韦小宝
止清,0.4166095004494358,段誉,段誉
南怀仁,0.41551514726341343,韦小宝,韦小宝
夏胄,0.41528154891547664,张无忌,张无忌
易国梓,0.41472381153814936,令狐冲,令狐冲
圣因师太,0.41376575159489426,黄蓉,黄蓉
米为义,0.412150861957724,令狐冲,令狐冲
鲍千灵,0.4119754821099483,段誉,段誉
殷锦,0.41136998075937814,韦小宝,韦小宝
吴良,0.40955339647548306,张无忌,张无忌
马佑,0.40882603772543746,韦小宝,韦小宝
殷无禄,0.40860190938788105,张无忌,张无忌
宫九佳,0.4046392607788859,张无忌,张无忌
石清露,0.40438369819528086,段誉,段誉
褚圆,0.4034107810566777,陈家洛,陈家洛
苟读,0.40277323900725787,段誉,段誉
马法通,0.40248644851182225,张无忌,张无忌
上官毅山,0.40223125919957015,陈家洛,陈家洛
温有道,0.4022185458015471,韦小宝,韦小宝
鲍承先,0.40217226908934745,袁承志,袁承志
易大彪,0.40216012312379656,段誉,段誉
郑长老,0.4020892386150229,张无忌,张无忌
公孙绿萼,0.4016599961971281,杨过,杨过
哑婆婆,0.4006777524269858,令狐冲,令狐冲
龙德邻,0.4004032112652248,袁承志,袁承志
张春九,0.3995550566377297,袁承志,袁承志
贾人达,0.3985260761502759,令狐冲,令狐冲
静虚师太,0.39740888035870126,张无忌,张无忌
蓝秦,0.3970634780951221,胡斐,胡斐
常敬之,0.39675468894624355,张无忌,张无忌
游驹,0.3963004323521577,段誉,段誉
潘秀达,0.39581996945252984,袁承志,袁承志
马大鸣,0.395777931308259,狄云,狄云
小沙弥,0.3953858378590993,郭靖,郭靖
岳老三,0.39537671747425973,段誉,段誉
崔镖头,0.3944858565863282,令狐冲,令狐冲
施令威,0.39376110887726523,令狐冲,令狐冲
沈德潜,0.3932200799748821,袁枚,袁枚
郑板桥,0.3932200799748821,袁枚,袁枚
汪万翼,0.39310071701788196,石破天,石破天
桃红,0.39294173849823877,狄云,狄云
祖大寿,0.39289566883328064,袁承志,袁承志
长青子,0.3925999283475713,令狐冲,令狐冲
方天劳,0.3918043568418633,杨过,杨过
乐厚,0.3914268277519594,令狐冲,令狐冲
武铭,0.3911056579299623,陈家洛,陈家洛
范中恩,0.39104717354359864,陈家洛,陈家洛
史红石,0.390423671130006,张无忌,张无忌
殷无寿,0.39018920142824803,张无忌,张无忌
卫天望,0.3897714862346483,杨过,杨过
方有德,0.3891424820200716,陈家洛,陈家洛
欧阳公政,0.38829766514802566,胡斐,胡斐
麦鲸,0.3871674259552858,张无忌,张无忌
冯振武,0.38628287789419974,石破天,石破天
米横野,0.38591099836967024,石破天,石破天
静慧,0.38587840763231085,张无忌,张无忌
雷一啸,0.3856833303736341,韦小宝,韦小宝
冯同知,0.3851203733388133,袁承志,袁承志
戴永明,0.3847546764398122,陈家洛,陈家洛
姚清泉,0.3840197805020612,张无忌,张无忌
贾老六,0.3831130468892124,韦小宝,韦小宝
司马大,0.3814652825256747,令狐冲,令狐冲
忽伦大虎,0.38095172750255113,陈家洛,陈家洛
奚长老,0.37960656769095424,段誉,段誉
王铁匠,0.37960334111113625,胡斐,胡斐
孟铸,0.37919859929950406,袁承志,袁承志
慧观,0.37896622752219034,段誉,段誉
吴祯,0.37858339540647334,张无忌,张无忌
人厨子,0.3784545943593641,黄蓉,黄蓉
阿里,0.378351109093277,陈家洛,陈家洛
老吴,0.3781523614052575,韦小宝,韦小宝
俏鬼,0.3772942416012923,杨过,杨过
韩春霖,0.3771932744843671,陈家洛,陈家洛
南兰,0.377079486570713,胡斐,胡斐
琴儿,0.3770030392447873,胡斐,胡斐
宋德方,0.3768629641955712,郭靖,郭靖
曹能,0.37674247724725074,陈家洛,陈家洛
季镖头,0.37407470557048983,令狐冲,令狐冲
元澄道人,0.37381967674864863,石破天,石破天
杜希孟,0.3737897490905648,胡斐,胡斐
迟玄,0.3733123855969418,陈家洛,陈家洛
和尔大,0.3731605160670439,陈家洛,陈家洛
万里风,0.37282199356252166,袁承志,袁承志
邓八公,0.37281915022405354,令狐冲,令狐冲
葛长老,0.37279676558213315,令狐冲,令狐冲
心溪,0.37230909432007775,韦小宝,韦小宝
冯默风,0.37166586366218923,杨过,杨过
英白罗,0.3712573702674621,令狐冲,令狐冲
德布,0.37121456917120915,陈家洛,陈家洛
易吉,0.37067989504940635,胡斐,胡斐
高里津,0.3684525571053211,韦小宝,韦小宝
杨夫人,0.3681215175751943,张无忌,张无忌
中年武师,0.3671404455960262,胡斐,胡斐
田见秀,0.36683098433342654,袁承志,袁承志
苏习之,0.36472431787284854,张无忌,张无忌
范文程,0.3633536776044136,袁承志,袁承志
马敬侠,0.36331744818903333,陈家洛,陈家洛
蒙哥,0.3630795044301836,郭靖,郭靖
侯飞文,0.3628718121168982,袁承志,袁承志
史秉光,0.36082549907630446,袁承志,袁承志
余人彦,0.3606358833517058,令狐冲,令狐冲
枯木,0.3597625517591918,郭靖,郭靖
龚光杰,0.3597141657908218,段誉,段誉
杰书,0.3593418201047478,韦小宝,韦小宝
林朝英,0.3591181441811534,杨过,杨过
马青雄,0.35826084973420536,郭靖,郭靖
照虚,0.35798277094799114,石破天,石破天
祁志诚,0.35675870521682795,郭靖,郭靖
胖商人,0.35612757488866675,胡斐,胡斐
过三拳,0.355802734467759,张无忌,张无忌
者勒米,0.3557473089526562,郭靖,郭靖
解风,0.3554218370398773,令狐冲,令狐冲
龙骏,0.35533654205108955,陈家洛,陈家洛
黄国柏,0.35491088144605415,令狐冲,令狐冲
邵鹤,0.3537005603920249,张无忌,张无忌
马公子,0.35350282485122675,袁承志,袁承志
马宝,0.3515665182499377,韦小宝,韦小宝
章老三,0.3514141974707628,韦小宝,韦小宝
南仁通,0.3507771587040095,胡斐,胡斐
钱青健,0.34941591080173,郭靖,郭靖
余婆婆,0.3492794316961044,段誉,段誉
水云道人,0.34851129051069063,袁承志,袁承志
张若谷,0.3481239471634914,袁承志,袁承志
吴长风,0.3478863297200635,段誉,段誉
水鉴,0.34730450610358343,袁承志,袁承志
王家骏,0.3471494457372881,令狐冲,令狐冲
陶钧,0.34580315988571464,令狐冲,令狐冲
孙万年,0.34548646995136023,石破天,石破天
褚万春,0.34548646995136023,石破天,石破天
澄识,0.3449287071776128,韦小宝,韦小宝
吕文德,0.3446060714855631,郭靖,郭靖
贝人龙,0.3441599747316689,陈家洛,陈家洛
吴六破,0.3432990455249555,张无忌,张无忌
汪浩天,0.34323406063984985,陈家洛,陈家洛
王潭,0.3428809780290154,韦小宝,韦小宝
沈青刚,0.3423252841211206,郭靖,郭靖
梅文馨,0.3413518336006609,石破天,石破天
无相禅师,0.3407701338264098,杨过,杨过
阎世魁,0.3402748895177994,陈家洛,陈家洛
子聪,0.33999323162972006,郭靖,郭靖
裘千丈,0.33959495540317397,郭靖,郭靖
张信,0.33941984890903454,袁承志,袁承志
梦姑,0.3391672511725482,段誉,段誉
曹司朋,0.3387933722599864,陈家洛,陈家洛
史秉文,0.3382624987235733,袁承志,袁承志
瘦商人,0.33784379800918646,胡斐,胡斐
姜师叔,0.3378290971347694,段誉,段誉
小王将军,0.33694870569368895,韦小宝,韦小宝
安剑清,0.3359844768256208,袁承志,袁承志
平旺先,0.3359491207479259,陈家洛,陈家洛
庄夫人,0.3358710757007285,韦小宝,韦小宝
农妇,0.3353853087790104,袁承志,袁承志
封坛主,0.33368733929165956,张无忌,张无忌
阿济赤,0.33368237488097446,韦小宝,韦小宝
钟兆能,0.33326696530878536,胡斐,胡斐
岑其斯,0.3331577760227994,袁承志,袁承志
聂钺,0.3330647828655079,胡斐,胡斐
耶律楚材,0.331763914755119,杨过,杨过
马五德,0.33090044529369933,段誉,段誉
吴青烈,0.3301027480103532,郭靖,郭靖
瘦丐,0.32997740450224733,郭靖,郭靖
天松道人,0.32841821986431285,令狐冲,令狐冲
蒋天寿,0.32836411873402027,陈家洛,陈家洛
麦少帮主,0.3278505742338701,张无忌,张无忌
相国夫人,0.3276446561133042,胡斐,胡斐
小凤,0.3268995012550596,张无忌,张无忌
白脸人,0.3268394000329642,袁承志,袁承志
黄须人,0.3268394000329642,袁承志,袁承志
陈高波,0.32655479492879563,胡斐,胡斐
齐伯涛,0.32655479492879563,胡斐,胡斐
慧净,0.32636709778903805,段誉,段誉
富春,0.3258412775252691,韦小宝,韦小宝
解文豹,0.32557529639554517,韦小宝,韦小宝
黄希节,0.3254354543371723,胡斐,胡斐
单伯山,0.32449676585733334,段誉,段誉
夏雪宜,0.32441300760268865,袁承志,袁承志
努儿海,0.32357959834421884,段誉,段誉
孙老三,0.32317880355020107,陈家洛,陈家洛
建除,0.32118961465198825,令狐冲,令狐冲
胡老三,0.32075309521584056,袁承志,袁承志
申人俊,0.3201823175690123,令狐冲,令狐冲
王八衰,0.32001374796992327,张无忌,张无忌
郑七灭,0.32001374796992327,张无忌,张无忌
周五输,0.32001374796992327,张无忌,张无忌
严妈妈,0.3195717855395344,段誉,段誉
桑三娘,0.31949836306138135,令狐冲,令狐冲
程坛主,0.31939923111510643,张无忌,张无忌
丁游,0.3189592646037428,袁承志,袁承志
方东白,0.3189231282350222,张无忌,张无忌
马喇,0.3189211666632037,韦小宝,韦小宝
若克琳,0.3187735161183712,韦小宝,韦小宝
罗信,0.3183870157147873,陈家洛,陈家洛
季长老,0.3176136448372591,张无忌,张无忌
陆伯,0.3173632423816778,陈家洛,陈家洛
程维藩,0.31728343178557816,韦小宝,韦小宝
元悲,0.3172440790198038,陈家洛,陈家洛
元伤,0.3172440790198038,陈家洛,陈家洛
元痛,0.3172440790198037,陈家洛,陈家洛
舒奇,0.31706964982298547,令狐冲,令狐冲
吉人通,0.31647831968957374,令狐冲,令狐冲
韩无垢,0.31618685225107784,黄蓉,黄蓉
圆心,0.31600590910887566,张无忌,张无忌
郭破虏,0.31558696655506163,杨过,杨过
梅良鸣,0.31528505490098385,陈家洛,陈家洛
黄甫,0.3147275209877961,韦小宝,韦小宝
宋五,0.31462140566354907,杨过,杨过
丑脸汉子,0.31397040432131157,石破天,石破天
乔福,0.3122428400675039,张无忌,张无忌
沙天江,0.31178929886737283,令狐冲,令狐冲
卜沉,0.3117892988673728,令狐冲,令狐冲
狄修,0.3117437355075535,令狐冲,令狐冲
呼巴音,0.3114394412853465,韦小宝,韦小宝
单季山,0.31060182479711,段誉,段誉
胡老爷,0.3096230441272638,陈家洛,陈家洛
宁中则,0.3091658061649938,令狐冲,令狐冲
桑拉巴,0.3088108241016824,陈家洛,陈家洛
杨光,0.30880428031905,石破天,石破天
小玲,0.30804212008136195,陈家洛,陈家洛
辛然,0.30751374643698615,张无忌,张无忌
察罕特穆尔,0.3069003156765372,张无忌,张无忌
耶律晋,0.30687579326272135,杨过,杨过
孙大善,0.30661479369988365,陈家洛,陈家洛
哈赤大师,0.30632759986290037,胡斐,胡斐
杜立德,0.3060541117651684,韦小宝,韦小宝
崔瞎子,0.30594512814940805,韦小宝,韦小宝
万大平,0.30568999523457596,令狐冲,令狐冲
杜长老,0.3049412847718011,令狐冲,令狐冲
教书先生,0.3049101206653386,狄云,狄云
张中,0.30459044989746453,张无忌,张无忌
静迦,0.3038886699803562,张无忌,张无忌
图尔布青,0.30377320170521105,韦小宝,韦小宝
阿尔尼,0.3037690232735436,韦小宝,韦小宝
邝天雄,0.30329065813407896,韦小宝,韦小宝
蔡德忠,0.30312598082396214,韦小宝,韦小宝
谭文理,0.30243563919108857,袁承志,袁承志
胡夫人,0.3020811595192313,张无忌,张无忌
忽伦四虎,0.3019458894173141,陈家洛,陈家洛
哑梢公,0.3017765311332301,郭靖,郭靖
乌旺阿普,0.3017010577256629,张无忌,张无忌
缘根,0.3016990897695486,段誉,段誉
梅念笙,0.30103498079726015,狄云,狄云
蕊初,0.30036976074948796,韦小宝,韦小宝
静照,0.29997126021807763,张无忌,张无忌
天鸣方丈,0.2994104485765206,杨过,杨过
陆二娘,0.29894457120207973,杨过,杨过
曲三,0.29781301980487196,郭靖,郭靖
灵虚,0.29775534447373303,张无忌,张无忌
晦聪禅师,0.2970989592666134,韦小宝,韦小宝
天竺僧人,0.2959872755619945,郭靖,郭靖
神音,0.2959469720278065,段誉,段誉
宋献策,0.2956080838125161,袁承志,袁承志
震山子,0.2953728301009567,令狐冲,令狐冲
葛光佩,0.29504496549497633,段誉,段誉
平威,0.2945725330182214,韦小宝,韦小宝
点苍渔隐,0.29357416163022076,杨过,杨过
元广波,0.291873148258008,张无忌,张无忌
忽伦二虎,0.2912350173325896,陈家洛,陈家洛
张十五,0.29027222879679926,郭靖,郭靖
卜泰,0.2901773285869366,张无忌,张无忌
程青霜,0.29011315092779794,段誉,段誉
穆贵妃,0.28987810097091987,段誉,段誉
周孤桐,0.28834084342986677,令狐冲,令狐冲
吴柏英,0.2883408434298667,令狐冲,令狐冲
任通武,0.2879135709089807,胡斐,胡斐
马家骏,0.2877437280548844,苏普,苏普
曹猛,0.2871139218698836,胡斐,胡斐
鱼贩头子,0.28684902268760337,狄云,狄云
出尘子,0.28608157224379144,段誉,段誉
讨债鬼,0.28604168758773574,杨过,杨过
尤得胜,0.28603154969825906,张无忌,张无忌
西灵道人,0.2854190006469208,胡斐,胡斐
对喀纳,0.2846633743404834,韦小宝,韦小宝
卫周祚,0.2846633743404834,韦小宝,韦小宝
胖丐,0.28464677082689965,郭靖,郭靖
简管家,0.28454213881862833,郭靖,郭靖
周隆,0.28387070199291164,胡斐,胡斐
李春来,0.2837374829410655,段誉,段誉
崔绿华,0.2825022079950352,段誉,段誉
阿胜,0.2822549703172258,段誉,段誉
凤一鸣,0.282001895208185,胡斐,胡斐
司徒横,0.28115077719237846,石破天,石破天
张妈,0.2811460460641562,韦小宝,韦小宝
韩千叶,0.28106071248913905,张无忌,张无忌
纳斯尔丁,0.2800661480885709,陈家洛,陈家洛
凤七,0.279701614218024,胡斐,胡斐
天虹禅师,0.2797001284708027,陈家洛,陈家洛
王诚,0.27941414084663296,令狐冲,令狐冲
哈大霸,0.27862261501996105,段誉,段誉
吕毅中,0.27825114591716194,韦小宝,韦小宝
张飞雄,0.2776907911680758,胡斐,胡斐
哈总管,0.2776053846209556,张无忌,张无忌
祝镖头,0.2770666767447897,张无忌,张无忌
李廷豹,0.27695103224272244,胡斐,胡斐
凯别兴,0.2764916172317998,陈家洛,陈家洛
余兆兴,0.2764573709213859,郭靖,郭靖
单叔山,0.27639580015073123,段誉,段誉
闻苍松,0.27637581483857976,张无忌,张无忌
单小山,0.2761582274511638,段誉,段誉
幽草,0.27575330240160856,段誉,段誉
鲁连荣,0.2752706133814925,令狐冲,令狐冲
舒化龙,0.2752619002374539,韦小宝,韦小宝
欧阳牧之,0.2731609387648882,张无忌,张无忌
崔百胜,0.2727822577060635,胡斐,胡斐
周阿三,0.27241925289997737,陈家洛,陈家洛
九死生,0.27182950054633426,黄蓉,黄蓉
姜小铁,0.27166049853008156,胡斐,胡斐
郑光芝,0.2709268891112864,石破天,石破天
忽伦三虎,0.2707376040859405,陈家洛,陈家洛
小菊,0.2706717608171309,袁承志,袁承志
谭青,0.2699567948906088,段誉,段誉
宗赞王子,0.2677680838827471,段誉,段誉
丁同,0.2676829203887654,苏普,苏普
孙克通,0.267143235187578,陈家洛,陈家洛
申志凡,0.26678982915382987,杨过,杨过
黎夫人,0.2664221873534949,段誉,段誉
俱明宝树王,0.2664033355871035,张无忌,张无忌
齐心宝树王,0.2664033355871035,张无忌,张无忌
丛不弃,0.2656242635496471,令狐冲,令狐冲
王师兄,0.2654686539178272,胡斐,胡斐
杨中慧,0.26489022054446393,卓天雄,卓天雄
孟正鸿,0.2647971355004285,张无忌,张无忌
张志光,0.2643215904736661,杨过,杨过
孟师叔,0.26380351644230016,段誉,段誉
吕葆中,0.26354351270120535,韦小宝,韦小宝
褚轰,0.26292039912432474,胡斐,胡斐
洪安通,0.2626939053918416,韦小宝,韦小宝
焦木和尚,0.26090211151546217,郭靖,郭靖
容子矩,0.26022019799931956,段誉,段誉
林永超,0.25968995812232043,韦小宝,韦小宝
平等宝树王,0.25924551260043366,张无忌,张无忌
庄铮,0.25907492117598047,张无忌,张无忌
德鄂,0.25888536478393265,陈家洛,陈家洛
木文察,0.25841144810765454,胡斐,胡斐
高明根,0.25802767217034495,令狐冲,令狐冲
柔儿,0.257971354256811,杨过,杨过
杨景亭,0.2574249070433327,袁承志,袁承志
刘菁,0.2572335713102194,令狐冲,令狐冲
瑞芳,0.25675609829689083,陈家洛,陈家洛
齐堂主,0.2562071918374704,令狐冲,令狐冲
易堂主,0.2562071918374704,令狐冲,令狐冲
藏边五丑,0.2560410150778957,杨过,杨过
水福,0.2552827664906158,狄云,狄云
寿南山,0.2551314505404325,张无忌,张无忌
昌齐,0.25508017523957593,韦小宝,韦小宝
泉建男,0.254701840153549,张无忌,张无忌
邵燕,0.2517959427285337,张无忌,张无忌
老李,0.2516076643528939,袁承志,袁承志
小棒头,0.2515374027768569,杨过,杨过
静空,0.25128984733243104,张无忌,张无忌
唐六爷,0.2512846440666824,陈家洛,陈家洛
黄面道人,0.2512430471178321,石破天,石破天
聋哑婆婆,0.2512257030537418,令狐冲,令狐冲
邓炳春,0.2510829744309034,韦小宝,韦小宝
刚相,0.2509010307597891,陈家洛,陈家洛
姜文,0.250342703292468,郭靖,郭靖
盖运聪,0.250342703292468,郭靖,郭靖
汤祖德,0.24906036259652473,郭靖,郭靖
谭迪人,0.24864072346617902,令狐冲,令狐冲
崔志方,0.24681573694743625,郭靖,郭靖
任盈盈,0.24662600562360082,令狐冲,令狐冲
俞朝奉,0.24660514448674764,胡斐,胡斐
夏老拳师,0.24587829175626022,令狐冲,令狐冲
贺老三,0.2455738613057293,张无忌,张无忌
贾老者,0.24483163027437216,段誉,段誉
晴画,0.24475165386446715,陈家洛,陈家洛
葛通,0.24469234003035029,韦小宝,韦小宝
吴天德,0.2445250467911273,令狐冲,令狐冲
张全祥,0.2444550880673817,段誉,段誉
阿洪,0.244282569406274,段誉,段誉
刘之余,0.24406283671109275,胡斐,胡斐
陈歪嘴,0.24340987255799923,令狐冲,令狐冲
平夫人,0.2424354172299369,令狐冲,令狐冲
胖妇人,0.2421153590608701,张无忌,张无忌
英颚,0.24208324206894788,令狐冲,令狐冲
煞神鬼,0.2419704146209517,杨过,杨过
蓝天和,0.2416819594330918,杨过,杨过
端木元,0.241672942093288,段誉,段誉
摩诃巴思,0.24073237306248688,张无忌,张无忌
来福儿,0.24037923609579553,段誉,段誉
米思翰,0.24029954464237832,韦小宝,韦小宝
路副将,0.240273291981902,韦小宝,韦小宝
项长老,0.23920625485447447,段誉,段誉
邱山风,0.23784763545828072,石破天,石破天
神照上人,0.23780859732462975,韦小宝,韦小宝
王掌柜,0.23767603839790868,胡斐,胡斐
萨多,0.23758990135101063,郭靖,郭靖
青灵子,0.23728917458183693,杨过,杨过
张安官,0.23505557311106423,陈家洛,陈家洛
张总管,0.23475667582044574,胡斐,胡斐
陈孤雁,0.23456784104391096,段誉,段誉
唐洋,0.23412889452515,张无忌,张无忌
朴者和尚,0.2338472889814429,段誉,段誉
小虹,0.2332087765888265,张无忌,张无忌
郝密,0.2328932261540296,张无忌,张无忌
胡青羊,0.2324994144314702,张无忌,张无忌
云岛主,0.2317050201308486,段誉,段誉
忽都虎,0.23127320522090494,郭靖,郭靖
苏辙,0.23041423516969214,韦小宝,韦小宝
尹章垓,0.23038536172371576,陈家洛,陈家洛
蒋调侯,0.23036027345853194,胡斐,胡斐
温仁厚,0.22996392833067952,石破天,石破天
天乙道人,0.22989603754148094,令狐冲,令狐冲
图海道,0.22983052696846754,韦小宝,韦小宝
秦老五,0.22957764095757285,张无忌,张无忌
李大元,0.22856969808245864,石破天,石破天
乔寨主,0.2277957343493279,郭靖,郭靖
阿根,0.22776787972464102,杨过,杨过
麻衣汉子,0.2276055200454726,令狐冲,令狐冲
彭参将,0.2267343934686776,韦小宝,韦小宝
天狼子,0.22672042413276616,段誉,段誉
菊友,0.22622988780203346,狄云,狄云
德成,0.2258758908450552,张无忌,张无忌
黄二毛子,0.22565816113240914,袁承志,袁承志
呼音克,0.2252469811810483,陈家洛,陈家洛
蛇皮张,0.224541646202089,胡斐,胡斐
王二叔,0.22389775706649548,令狐冲,令狐冲
叶长青,0.22368985518162587,张无忌,张无忌
刘敖,0.2234604616714983,张无忌,张无忌
瓦尔拉齐,0.22282456428254627,苏普,苏普
耶律莫哥,0.22205378751659952,段誉,段誉
王老六,0.2217684838381451,胡斐,胡斐
沙广天,0.221696953939803,袁承志,袁承志
刘芹,0.2213227584279906,令狐冲,令狐冲
西奥图三世,0.2206713409489845,韦小宝,韦小宝
童大海,0.22041994332221362,郭靖,郭靖
唐光雄,0.22000338858566085,段誉,段誉
雷猛,0.21934800670223586,郭靖,郭靖
祁六三,0.2191193593496451,段誉,段誉
海大富,0.21884020822298644,韦小宝,韦小宝
狄镖头,0.21807204022344945,令狐冲,令狐冲
钟志灵,0.2180343011130535,韦小宝,韦小宝
菊芳,0.21771368456948348,韦小宝,韦小宝
李式开,0.21693941382685067,韦小宝,韦小宝
司徒雷,0.21634115173418403,胡斐,胡斐
秦栋,0.21612430964442872,袁承志,袁承志
王十三,0.2159715190046774,杨过,杨过
苏梦清,0.21576455614905224,张无忌,张无忌
静智大师,0.21523789535613844,陶子安,陶子安
凌霜华,0.21485180700611828,狄云,狄云
义生,0.21475871538393784,袁承志,袁承志
鄂尔多,0.21415805626643167,郭靖,郭靖
狮鼻子,0.21336848842505962,段誉,段誉
胡德第,0.21218956772729816,韦小宝,韦小宝
曲傻姑,0.21193832445282554,郭靖,郭靖
假东方不败,0.21092485055952054,令狐冲,令狐冲
玉钟子,0.21086687656051484,令狐冲,令狐冲
宝象和尚,0.21030332797621487,狄云,狄云
江百胜,0.2100698763915621,韦小宝,韦小宝
常胜宝树王,0.209770702050656,张无忌,张无忌
许卓诚,0.20864268237252773,韦小宝,韦小宝
五符,0.20857301381172716,令狐冲,令狐冲
云素梅,0.20846683418191608,韦小宝,韦小宝
巴颜法师,0.20741388664820382,韦小宝,韦小宝
枯荣长老,0.20703176785907587,段誉,段誉
成高道人,0.20698843605184747,令狐冲,令狐冲
太虚子,0.206566632629886,张无忌,张无忌
李万山,0.2062334641399894,石破天,石破天
西门观止,0.20575164973536056,郭靖,郭靖
邝宝官,0.20524712409135,胡斐,胡斐
张二叔,0.20469919733989692,杨过,杨过
韦春花,0.20442842101368092,韦小宝,韦小宝
劳太监,0.20442842101368092,韦小宝,韦小宝
黄眉和尚,0.20371525915593253,段誉,段誉